{"cameraMode":{"drawMode":0,"name":"Shaded","section":"Shading Mode"},"sceneLighting":true,"audioPlay":false,"sceneViewState":{"showFog":true,"showMaterialUpdate":false,"showSkybox":true,"showFlares":true,"showImageEffects":true,"showParticleSystems":true},"in2DMode":false,"pivot":{"x":-14.368111610412598,"y":-7.08289098739624,"z":9.200166702270508},"rotation":{"x":0.19194844365119935,"y":-0.4837430715560913,"z":0.10964662581682205,"w":0.8468350172042847},"size":22.0,"orthographic":false}